Id,ProductId,ProfileName,Score,Text
1,DEMO-101,Avery,1,"The seal was broken and the powder spilled inside the box. I am worried about using it."
2,DEMO-102,Jordan,2,"The bottle arrived leaking and the package was damaged."
3,DEMO-103,Casey,3,"It works as expected, but shipping took longer than promised."
4,DEMO-104,Riley,5,"Excellent quality and quick delivery. I would buy this again."
5,DEMO-105,Morgan,1,"The device stopped working after two days and support has not replied."
6,DEMO-106,Quinn,4,"Good value and easy to use. The packaging could be better."
7,DEMO-107,Taylor,2,"The product is damaged and does not work properly. I want a refund."
8,DEMO-108,Jamie,5,"Arrived on time, works perfectly, and feels well made."
9,DEMO-109,Reese,3,"The app is confusing and checkout failed once, but support helped."
10,DEMO-110,Alex,1,"This caused a rash after use. I stopped using it immediately."
11,DEMO-111,Drew,4,"The quality is good, although the price feels a little high."
12,DEMO-112,Robin,2,"Customer service was unhelpful and my return has not been processed."
